<?xml version="1.0" encoding="UTF-8"?>
<beans xmlns="http://www.springframework.org/schema/beans"
	xmlns:xsi="http://www.w3.org/2001/XMLSchema-instance"
	xmlns:context="http://www.springframework.org/schema/context"
	xsi:schemaLocation="http://www.springframework.org/schema/beans http://www.springframework.org/schema/beans/spring-beans.xsd
		http://www.springframework.org/schema/context http://www.springframework.org/schema/context/spring-context-4.3.xsd">

<bean id="address1" class="com.cg.project.beans.Address">
<constructor-arg name="city" value="Pune"/>
<constructor-arg name="state" value="Maharashtra"/>
<constructor-arg name="country" value="India"/>
<constructor-arg name="pincode" value="459102"/>
</bean>

<bean id="address2" class="com.cg.project.beans.Address">
<constructor-arg name="city" value="Nasik"/>
<constructor-arg name="state" value="Maharashtra"/>
<constructor-arg name="country" value="India"/>
<constructor-arg name="pincode" value="344021"/>
</bean>

<bean id="employee" class="com.cg.project.beans.Employee">
<constructor-arg name="employeeId" value="1234"/>
<constructor-arg name="baiscSalary" value="45555"/>
<constructor-arg name="firstName" value="Gajendra"/>
<constructor-arg name="lastName" value="Hedau"/>
<constructor-arg name="address" ref="address1"/>
</bean>


</beans>
